Dengue cases,AC,AL,AP,AM,BA,CE,DF,ES,GO,MA,MS,MT,MG,PA,PB,PR,PE,PI,RJ,RN,RS,RO,RR,SC,SE,SP,TO
Jan1986,0,0,0,0,0,0,0,0,0,0,0,0,0,0,0,0,0,0,0,0,0,0,0,0,0,0,0
Feb1986,0,0,0,0,0,0,0,0,0,0,0,0,0,0,0,0,0,0,0,0,0,0,0,0,0,0,0
Mar1986,0,0,0,0,0,0,0,0,0,0,0,0,0,0,0,0,0,0,0,0,0,0,0,0,0,0,0
Apr1986,0,0,0,0,0,0,0,0,0,0,0,0,0,0,0,0,0,0,1603,0,0,0,0,0,0,0,0
May1986,0,0,0,0,0,0,0,0,0,0,0,0,0,0,0,0,0,0,13258,0,0,0,0,0,0,0,0
Jun1986,0,436,0,0,0,0,0,0,0,0,0,0,0,0,0,0,0,0,8594,0,0,0,0,0,0,0,0
Jul1986,0,4293,0,0,0,0,0,0,0,0,0,0,0,0,0,0,0,0,3611,0,0,0,0,0,0,0,0
Aug1986,0,2454,0,0,0,87,0,0,0,0,0,0,0,0,0,0,0,0,793,0,0,0,0,0,0,0,0
Sep1986,0,713,0,0,0,155,0,0,0,0,0,0,0,0,0,0,0,0,246,0,0,0,0,0,0,0,0
Oct1986,0,543,0,0,0,1649,0,0,0,0,0,0,0,0,0,0,0,0,181,0,0,0,0,0,0,0,0
Nov1986,0,489,0,0,0,1410,0,0,0,0,0,0,0,0,0,0,0,0,426,0,0,0,0,0,0,0,0
Dec1986,0,455,0,0,0,1118,0,0,0,0,0,0,0,0,0,0,0,0,3795,0,0,0,0,0,0,0,0
Jan1987,0,3,0,0,0,0,0,0,0,0,0,0,0,0,0,0,0,0,0,0,0,0,0,0,0,0,0
Feb1987,0,0,0,0,0,0,0,0,0,0,0,0,0,0,0,0,0,0,0,0,0,0,0,0,0,0,0
Mar1987,0,19,0,0,0,0,0,0,0,0,0,0,0,0,0,0,0,0,0,0,0,0,0,0,0,0,0
Apr1987,0,21,0,0,0,0,0,0,0,0,0,0,0,0,0,0,0,0,0,0,0,0,0,0,0,0,0
May1987,0,8,0,0,0,0,0,0,0,0,0,0,0,0,0,0,0,0,0,0,0,0,0,0,0,0,0
Jun1987,0,14,0,0,0,0,0,0,0,0,0,0,0,0,0,0,0,0,0,0,0,0,0,0,0,0,0
Jul1987,0,0,0,0,0,0,0,0,0,0,0,0,0,0,0,0,0,0,0,0,0,0,0,0,0,0,0
Aug1987,0,0,0,0,0,0,0,0,0,0,0,0,0,0,0,0,0,0,0,0,0,0,0,0,0,0,0
Sep1987,0,0,0,0,0,0,0,0,0,0,0,0,0,0,0,0,0,0,0,0,0,0,0,0,0,0,0
Oct1987,0,0,0,0,0,0,0,0,0,0,0,0,0,0,0,0,0,0,0,0,0,0,0,0,0,0,0
Nov1987,0,0,0,0,0,0,0,0,0,0,0,0,0,0,0,0,0,0,0,0,0,0,0,0,0,0,0
Dec1987,0,0,0,0,0,0,0,0,0,0,0,0,0,0,0,0,0,0,0,0,0,0,0,0,0,0,0
Jan1988,0,0,0,0,0,5,0,0,0,0,0,0,0,0,0,0,0,0,302,0,0,0,0,0,0,0,0
Feb1988,0,0,0,0,0,12,0,0,0,0,0,0,0,0,0,0,0,0,205,0,0,0,0,0,0,0,0
Mar1988,0,0,0,0,0,3,0,0,0,0,0,0,0,0,0,0,0,0,297,0,0,0,0,0,0,0,0
Apr1988,0,0,0,0,0,0,0,0,0,0,0,0,0,0,0,0,0,0,143,0,0,0,0,0,0,0,0
May1988,0,0,0,0,0,0,0,0,0,0,0,0,0,0,0,0,0,0,116,0,0,0,0,0,0,0,0
Jun1988,0,0,0,0,0,0,0,0,0,0,0,0,0,0,0,0,0,0,86,0,0,0,0,0,0,0,0
Jul1988,0,0,0,0,0,0,0,0,0,0,0,0,0,0,0,0,0,0,31,0,0,0,0,0,0,0,0
Aug1988,0,0,0,0,0,0,0,0,0,0,0,0,0,0,0,0,0,0,77,0,0,0,0,0,0,0,0
Sep1988,0,0,0,0,0,0,0,0,0,0,0,0,0,0,0,0,0,0,48,0,0,0,0,0,0,0,0
Oct1988,0,0,0,0,0,30,0,0,0,0,0,0,0,0,0,0,0,0,20,0,0,0,0,0,0,0,0
Nov1988,0,0,0,0,0,0,0,0,0,0,0,0,0,0,0,0,0,0,67,0,0,0,0,0,0,0,0
Dec1988,0,0,0,0,0,5,0,0,0,0,0,0,0,0,0,0,0,0,58,0,0,0,0,0,0,0,0
Jan1989,0,0,0,0,0,45,0,0,0,0,0,0,0,0,0,0,3,0,123,0,0,0,0,0,0,0,0
Feb1989,0,2,0,0,0,0,0,0,0,0,0,0,0,0,0,0,5,0,99,0,0,0,0,0,0,0,0
Mar1989,0,14,0,0,0,0,0,0,0,0,0,0,0,0,0,0,3,0,93,0,0,0,0,0,0,4,0
Apr1989,0,7,0,0,0,392,0,0,0,0,0,0,0,0,0,0,4,0,213,0,0,0,0,0,0,2,0
May1989,0,0,0,0,0,27,0,0,0,0,0,0,0,0,0,0,12,0,160,0,0,0,0,0,0,2,0
Jun1989,0,0,0,0,0,0,0,0,0,0,0,0,0,0,0,0,0,0,88,0,0,0,0,0,0,2,0
Jul1989,0,7,0,0,0,0,0,0,0,0,0,0,0,0,0,0,0,0,48,0,0,0,0,0,0,0,0
Aug1989,0,24,0,0,0,371,0,0,0,0,0,0,0,0,0,0,0,0,19,0,0,0,0,0,0,0,0
Sep1989,0,1,0,0,0,571,0,0,0,0,0,0,0,0,0,0,0,0,13,0,0,0,0,0,0,0,0
Oct1989,0,2,0,0,0,831,0,0,0,0,0,0,0,0,0,0,0,0,23,0,0,0,0,0,0,0,0
Nov1989,0,0,0,0,0,808,0,0,0,0,0,0,0,0,0,0,0,0,83,0,0,0,0,0,0,0,0
Dec1989,0,3,0,0,0,1081,0,0,0,0,0,0,0,0,0,0,0,0,182,0,0,0,0,0,0,0,0
Jan1990,0,8,0,0,0,244,0,0,0,0,24,0,0,0,0,0,0,0,55,0,0,0,0,0,0,0,0
Feb1990,0,6,0,0,0,779,0,0,0,0,54,0,0,0,0,0,0,0,44,0,0,0,0,0,0,0,0
Mar1990,0,15,0,0,0,558,0,0,0,0,38,0,0,0,0,0,0,0,104,0,0,0,0,0,0,0,0
Apr1990,0,1,0,0,0,364,0,0,0,0,320,0,0,0,0,0,0,0,1140,0,0,0,0,0,0,1,0
May1990,0,3,0,0,0,1193,0,0,0,0,429,0,0,0,0,0,0,0,2423,0,0,0,0,0,0,6,0
Jun1990,0,5,0,0,0,1709,0,0,0,0,137,0,0,0,0,0,0,0,2383,0,0,0,0,0,0,4,0
Jul1990,0,0,0,0,0,1773,0,0,0,0,89,0,0,0,0,0,0,0,2341,0,0,0,0,0,0,0,0
Aug1990,0,8,0,0,0,3104,0,0,0,0,35,0,0,0,0,0,0,0,779,0,0,0,0,0,0,0,0
Sep1990,0,68,0,0,0,1942,0,0,0,0,2,0,0,0,0,0,0,0,406,0,0,0,0,0,0,0,0
Oct1990,0,41,0,0,0,695,0,0,0,0,12,0,0,0,0,0,0,0,399,0,0,0,0,0,0,0,0
Nov1990,0,66,0,0,0,2250,0,0,0,0,5,0,0,0,0,0,0,0,2798,0,0,0,0,0,0,16,0
Dec1990,0,73,0,0,0,1045,0,0,0,0,461,0,0,0,0,0,0,0,6813,0,0,0,0,0,0,2054,0
Jan1991,0,0,0,0,0,0,0,0,0,0,0,0,0,0,0,0,0,0,0,0,0,0,0,0,0,0,0
Feb1991,0,0,0,0,0,0,0,0,0,0,0,0,0,0,0,0,0,0,0,0,0,0,0,0,0,0,0
Mar1991,0,0,0,0,0,0,0,0,0,0,0,0,0,0,0,0,0,0,0,0,0,0,0,0,0,0,0
Apr1991,0,0,0,0,0,0,0,0,0,0,0,0,0,0,0,0,0,0,0,0,0,0,0,0,0,0,0
May1991,0,0,0,0,0,0,0,0,0,0,0,0,0,0,0,0,0,0,0,0,0,0,0,0,0,0,0
Jun1991,0,0,0,0,0,0,0,0,0,0,0,0,0,0,0,0,0,0,0,0,0,0,0,0,0,0,0
Jul1991,0,0,0,0,0,0,0,0,0,0,0,0,0,0,0,0,0,0,0,0,0,0,0,0,0,0,0
Aug1991,0,0,0,0,0,0,0,0,0,0,0,0,0,0,0,0,0,0,0,0,0,0,0,0,0,0,0
Sep1991,0,0,0,0,0,0,0,0,0,0,0,0,0,0,0,0,0,0,0,0,0,0,0,0,0,0,0
Oct1991,0,0,0,0,0,0,0,0,0,0,0,0,0,0,0,0,0,0,0,0,0,0,0,0,0,0,0
Nov1991,0,0,0,0,0,0,0,0,0,0,0,0,0,0,0,0,0,0,0,0,0,0,0,0,0,0,0
Dec1991,0,0,0,0,0,0,0,0,0,0,0,0,0,0,0,0,0,0,0,0,0,0,0,0,0,0,0
Jan1992,0,0,0,0,0,0,0,0,0,0,0,0,0,0,0,0,0,0,437,0,0,0,0,0,0,0,0
Feb1992,0,0,0,0,0,0,0,0,0,0,0,0,0,0,0,0,0,0,357,0,0,0,0,0,0,0,0
Mar1992,0,0,0,0,0,0,0,0,0,0,0,0,0,0,0,0,0,0,244,0,0,0,0,0,0,0,0
Apr1992,0,0,0,0,0,0,0,0,0,0,0,0,0,0,0,0,0,0,91,0,0,0,0,0,0,0,0
May1992,0,0,0,0,0,0,0,0,0,0,0,0,0,0,0,0,0,0,90,0,0,0,0,0,0,0,0
Jun1992,0,0,0,0,0,0,0,0,0,0,0,0,0,0,0,0,0,0,80,0,0,0,0,0,0,0,0
Jul1992,0,0,0,0,0,0,0,0,0,0,0,0,0,0,0,0,0,0,47,0,0,0,0,0,0,0,0
Aug1992,0,0,0,0,0,0,0,0,0,0,0,0,0,0,0,0,0,0,38,0,0,0,0,0,0,0,0
Sep1992,0,0,0,0,0,0,0,0,0,0,0,0,0,0,0,0,0,0,39,0,0,0,0,0,0,0,0
Oct1992,0,0,0,0,0,0,0,0,0,0,0,0,0,0,0,0,0,0,66,0,0,0,0,0,0,0,0
Nov1992,0,0,0,0,0,0,0,0,0,0,0,0,0,0,0,0,0,0,91,0,0,0,0,0,0,0,0
Dec1992,0,0,0,0,0,0,0,0,0,0,0,0,0,0,0,0,0,0,78,0,0,0,0,0,0,0,0
Jan1993,0,41,0,0,0,3,0,0,0,0,10,285,34,0,0,0,0,0,62,0,0,0,0,0,0,25,0
Feb1993,0,46,0,0,0,3,0,0,0,0,18,113,1413,0,0,0,0,0,50,0,0,0,0,0,0,50,0
Mar1993,0,114,0,0,0,1,0,0,0,0,72,178,1851,0,0,0,0,0,300,0,0,0,0,0,0,23,0
Apr1993,0,60,0,0,0,0,0,0,0,0,231,272,441,0,0,0,0,0,43,0,0,0,0,0,0,67,0
May1993,0,139,0,0,0,0,0,0,0,0,99,11,115,0,0,0,0,0,18,0,0,0,0,0,0,322,0
Jun1993,0,142,0,0,0,0,0,0,0,0,33,22,9,0,0,0,0,0,8,0,0,0,0,0,0,136,0
Jul1993,0,63,0,0,0,0,0,0,0,0,13,0,0,0,0,0,0,0,9,0,0,0,0,0,0,8,0
Aug1993,0,73,0,0,0,0,0,0,0,0,4,11,0,0,0,0,0,0,17,0,0,0,0,0,0,0,0
Sep1993,0,45,0,0,0,0,0,0,0,0,12,0,0,0,0,0,0,0,24,0,0,0,0,0,0,0,0
Oct1993,0,28,0,0,0,0,0,0,0,0,16,0,0,0,0,0,0,0,20,0,0,0,0,0,0,0,0
Nov1993,0,21,0,0,0,0,0,0,0,0,11,0,0,0,0,0,0,0,34,0,0,0,0,0,0,1,0
Dec1993,0,9,0,0,0,0,0,0,0,0,51,0,0,0,0,0,0,0,38,0,0,0,0,0,0,20,0
Jan1994,0,33,0,0,4,3,0,0,57,0,8,31,0,0,0,0,0,0,28,0,0,0,0,0,0,95,0
Feb1994,0,30,0,0,15,3,1,0,806,0,19,81,0,0,0,0,0,0,23,0,0,0,0,0,0,68,0
Mar1994,0,51,0,0,64,33,0,0,1838,0,111,87,0,0,0,0,0,0,77,0,0,0,0,0,0,212,1
Apr1994,0,20,0,0,22,337,0,0,455,0,82,139,0,0,0,0,0,0,14,0,0,0,0,0,0,117,4
May1994,0,60,0,0,86,9832,3,0,143,0,197,351,0,0,0,0,0,1,20,0,0,0,0,0,0,41,1
Jun1994,0,103,0,0,45,25860,1,0,35,0,207,98,0,0,0,0,0,8,23,0,0,0,0,0,0,41,0
Jul1994,0,19,0,0,297,8306,5,0,6,0,129,104,0,0,0,0,0,11,34,0,0,0,0,0,0,0,0
Aug1994,0,7,0,0,246,2305,3,0,3,0,92,14,0,0,0,0,0,6,20,0,0,0,0,0,0,0,0
Sep1994,0,3,0,0,213,387,0,0,0,0,77,1,0,0,0,0,0,0,16,0,0,0,0,0,0,0,0
Oct1994,0,4,0,0,277,99,0,0,0,0,35,9,0,0,0,0,0,0,23,77,0,0,0,0,0,0,12
Nov1994,0,6,0,0,529,50,0,0,0,0,112,78,0,0,0,0,0,0,6,256,0,0,0,0,0,0,0
Dec1994,0,8,0,0,94,6,0,0,0,0,85,374,0,0,0,0,0,0,3,12,0,0,0,0,0,0,0
Jan1995,0,23,0,0,994,153,0,0,1750,0,831,6352,99,0,0,55,63,5,586,9,0,0,0,0,0,670,1207
Feb1995,0,26,0,0,3616,107,0,0,1048,5,1803,2442,236,0,1,177,315,179,7817,14,0,0,0,0,0,1110,723
Mar1995,0,93,0,0,9537,101,0,2,1516,19,1439,1887,650,2,35,822,639,454,16442,22,0,0,0,0,0,1988,604
Apr1995,0,139,0,0,12550,263,0,97,1061,25,480,844,628,6,421,951,2060,583,7743,836,0,0,0,0,0,1288,456
May1995,0,129,0,0,6420,314,0,1547,1519,223,212,72,642,16,1185,775,3540,965,2235,3846,0,0,0,0,0,314,202
Jun1995,0,58,0,0,971,184,0,707,536,332,42,18,353,4,1,207,1683,599,124,418,0,0,0,0,0,51,1
Jul1995,0,182,0,0,300,219,0,96,303,136,31,12,64,0,5,62,881,140,85,16,0,0,0,0,0,23,0
Aug1995,0,73,0,0,117,230,0,40,60,125,13,1,29,0,6,57,484,106,65,0,0,0,0,0,0,8,0
Sep1995,0,6,0,0,2,123,0,2,20,212,8,0,21,0,7,9,169,92,21,0,0,0,0,0,0,8,0
Oct1995,0,49,0,0,0,105,0,10,87,139,7,0,22,0,11,0,37,19,20,2,0,0,0,0,0,29,0
Nov1995,0,15,0,0,0,126,0,15,114,285,52,0,28,0,19,1,40,36,53,0,0,0,0,0,0,134,0
Dec1995,0,1,0,0,0,66,0,209,177,275,197,0,60,0,10,0,71,82,49,18,0,0,0,0,0,425,0
Jan1996,0,621,0,0,6200,104,27,158,1464,4700,608,3388,168,1,33,674,734,536,499,56,4,0,0,2,80,438,202
Feb1996,0,1193,0,0,7395,92,17,195,620,583,471,1215,261,6,16,698,461,905,744,54,2,0,0,0,201,1009,213
Mar1996,0,193,0,0,9695,91,9,550,748,354,551,858,329,1,1301,1188,1819,742,3673,38,2,0,0,0,130,1504,316
Apr1996,0,97,0,0,12938,139,14,1661,867,255,527,401,460,2,797,1499,4860,866,6873,563,1,0,0,0,283,2585,248
May1996,0,238,0,0,17137,760,9,2325,557,210,417,154,2760,1,4108,559,8228,1180,2866,721,0,0,0,0,241,1405,212
Jun1996,0,136,0,0,6334,269,3,479,187,86,100,0,323,0,2943,106,2782,822,738,462,0,0,0,0,248,123,21
Jul1996,0,39,0,0,2357,327,1,155,165,9,66,0,57,0,443,72,1106,310,203,1541,0,0,0,0,118,13,62
Aug1996,0,23,0,0,792,178,0,37,97,11,58,0,89,0,255,33,523,96,82,1462,0,0,1,0,66,3,12
Sep1996,0,52,0,0,321,125,1,8,60,22,58,0,74,1,430,24,414,107,75,828,0,0,50,0,189,4,45
Oct1996,0,4,0,0,442,14,1,9,122,18,79,0,46,10,415,61,439,96,53,408,0,0,124,0,255,11,44
Nov1996,0,0,0,0,552,0,3,17,475,32,228,0,212,252,619,196,618,59,127,360,0,0,124,0,736,6,254
Dec1996,0,0,0,0,272,0,0,121,954,32,201,0,471,47,708,91,738,58,292,115,0,0,110,1,615,3,336
Jan1997,0,556,0,0,8030,253,61,1264,732,168,413,389,320,74,3906,45,2310,525,308,1032,0,23,110,0,1532,90,104
Feb1997,0,166,0,0,7356,230,183,4967,901,309,506,459,1424,324,5209,86,3153,316,370,1446,0,16,42,1,1008,249,197
Mar1997,0,1576,0,0,12382,585,162,3730,879,421,1056,958,1843,764,13061,178,6484,111,289,3502,0,16,34,1,934,489,163
Apr1997,0,1804,0,0,7302,547,84,1214,350,867,1587,585,396,3095,12706,122,9940,236,158,8052,0,0,55,1,1077,553,118
May1997,0,785,0,0,6096,866,35,237,226,1686,544,352,191,2183,8873,122,4318,429,100,7620,0,0,14,0,1301,392,96
Jun1997,0,901,0,0,2580,926,38,87,165,1221,206,166,80,1853,5184,65,2102,691,75,2944,0,0,24,0,693,122,62
Jul1997,0,426,0,0,849,421,22,21,61,715,193,69,61,1631,1681,98,1189,395,43,803,0,0,41,1,652,24,29
Aug1997,0,1167,0,0,413,792,50,5,81,277,91,236,34,1865,619,0,930,73,37,180,0,0,16,0,271,3,30
Sep1997,0,285,0,0,195,665,24,17,48,271,90,40,55,2306,526,0,298,34,47,0,0,0,21,0,419,1,13
Oct1997,0,0,0,0,60,544,29,19,49,138,119,71,30,2914,772,0,421,31,28,0,0,0,13,1,687,9,22
Nov1997,0,0,0,0,181,514,10,272,114,29,91,120,23,2223,97,0,1068,0,67,0,0,0,8,0,989,20,15
Dec1997,0,0,0,0,9,247,11,1101,103,0,89,117,898,1645,67,0,414,0,782,0,0,0,2,0,1624,88,13
Jan1998,0,155,15,12,1293,320,145,10041,341,750,67,967,7266,4501,1231,60,1603,660,1554,1054,5,0,11,2,4659,1165,95
Feb1998,0,173,11,27,2869,911,249,16641,381,1926,132,1443,20104,3797,5341,80,3584,1667,1917,1701,11,0,17,2,4449,2351,332
Mar1998,0,1011,0,360,6336,1585,446,8921,1801,3302,466,2449,71592,1533,16674,733,7965,5052,8272,4707,31,0,20,19,4508,7116,553
Apr1998,0,1996,0,5737,6281,1719,647,2512,1675,2836,583,1545,28358,597,12084,918,13744,4134,11359,5184,22,3,46,55,6132,7377,449
May1998,0,2075,0,2910,2454,2199,573,604,919,1096,574,768,15886,251,12188,408,11136,2155,2950,1522,12,0,66,26,2531,5653,223
Jun1998,0,1964,0,1912,722,3250,418,117,287,417,345,443,1875,97,6251,174,6531,569,528,357,10,14,18,12,1377,3031,35
Jul1998,0,475,0,1327,345,1756,81,64,191,315,101,155,129,105,2452,40,3964,103,154,600,5,0,18,6,1380,567,19
Aug1998,0,655,0,360,456,1391,83,19,137,215,108,135,173,27,1107,49,1323,45,85,858,3,0,17,2,601,977,21
Sep1998,0,161,0,130,345,158,39,57,124,241,69,89,437,12,317,21,1021,18,55,472,4,6,12,2,408,474,7
Oct1998,0,166,0,39,313,16,22,134,146,347,68,147,573,14,244,49,792,21,57,312,2,0,9,7,634,663,40
Nov1998,0,143,0,207,390,11,28,68,186,263,56,310,529,0,359,96,691,93,122,473,1,0,8,5,462,1118,60
Dec1998,0,104,0,873,92,73,44,38,224,463,9,336,480,0,364,74,279,109,5329,610,1,0,16,2,170,811,49
Jan1999,0,115,1,276,717,614,51,63,293,567,1720,456,1801,354,1015,99,1349,253,667,2127,7,196,65,9,1273,1883,142
Feb1999,0,73,1,251,855,1217,70,36,210,448,2338,388,3035,381,1387,103,1937,523,835,3533,7,221,98,4,1162,4442,39
Mar1999,0,123,1,683,1578,1761,81,37,272,615,2085,357,3510,230,2509,109,3878,391,1770,2737,7,242,100,5,1514,10405,110
Apr1999,0,88,0,1140,1301,1607,138,101,340,621,1042,291,3901,186,2294,237,6057,227,2437,3765,3,18,219,4,2110,13865,152
May1999,0,261,0,880,1809,2569,158,167,470,792,395,334,2598,288,2583,374,6908,330,1459,3388,5,175,500,4,2122,5681,357
Jun1999,0,169,1,564,534,2730,47,48,290,365,81,220,535,152,502,92,5468,191,319,1458,2,45,1352,1,708,1107,283
Jul1999,0,84,0,504,250,2163,27,27,102,214,68,184,135,66,721,65,2973,73,137,979,4,18,566,3,460,650,170
Aug1999,1,54,1,272,203,1741,46,31,121,349,71,82,79,132,779,83,1877,101,113,701,6,28,570,3,583,706,143
Sep1999,1,56,0,285,81,427,29,18,83,109,71,36,46,146,413,42,1645,36,96,163,9,4,154,7,303,501,67
Oct1999,1,61,0,179,189,365,14,20,141,93,107,20,63,297,546,51,1096,51,83,180,4,12,147,1,321,567,136
Nov1999,0,36,0,206,103,452,13,9,124,161,126,102,95,136,409,47,897,36,63,305,3,14,165,2,475,477,271
Dec1999,0,47,0,308,272,643,22,77,104,357,103,192,514,245,351,51,1014,40,1104,231,0,6,42,2,768,402,122
Jan2000,22,50,5,920,1964,1274,194,1037,428,872,1105,1711,3896,1439,984,148,2241,414,289,657,9,37,367,7,1914,1278,427
Feb2000,24,120,20,1386,1693,1920,196,2613,336,785,856,1780,9343,1970,1943,489,3517,476,318,2050,7,25,697,6,1732,1098,417
Mar2000,38,398,6,1129,2273,2743,206,5514,459,846,1446,1261,6834,1122,4127,1682,5879,470,612,3585,7,23,1042,4,1354,2215,379
Apr2000,45,426,6,473,1803,2375,138,4905,390,270,1870,1048,4302,599,5785,1482,5511,564,923,3880,7,32,807,7,1037,4005,257
May2000,93,263,5,434,1042,4740,75,3375,212,336,803,503,1317,451,5509,410,5765,1325,1003,2015,1,35,735,4,1195,2782,183
Jun2000,223,83,1,211,440,2636,65,1009,108,319,313,140,310,309,2118,161,1888,1476,392,1291,0,13,559,3,429,1154,135
Jul2000,333,42,0,122,270,1552,52,387,49,202,101,40,91,262,1019,40,1038,875,199,1389,1,30,861,4,360,410,64
Aug2000,264,32,1,155,148,1366,38,177,54,259,96,12,42,357,363,62,802,676,150,820,2,27,817,1,288,407,84
Sep2000,170,17,1,107,88,743,21,88,82,119,59,9,42,247,458,52,242,385,102,511,2,74,377,4,121,421,68
Oct2000,199,9,0,161,233,520,31,96,153,118,57,9,35,283,276,46,339,338,95,347,0,894,172,1,76,525,160
Nov2000,316,15,5,328,535,714,12,102,178,156,82,82,18,610,168,67,517,274,96,389,4,1729,362,0,111,499,462
Dec2000,589,12,0,985,410,321,2,180,148,57,45,142,131,569,54,37,210,63,102,187,3,716,499,0,59,651,287
Jan2001,1294,163,7,7033,591,1847,400,886,820,1037,273,130,2625,2462,46,50,917,445,3376,2036,13,681,808,1,246,1550,1109
Feb2001,243,190,17,6607,745,3415,218,1198,1660,978,534,123,4638,3818,290,263,1131,957,6774,3891,5,286,368,2,231,3370,701
Mar2001,116,726,95,2986,1307,4937,209,1349,2476,1277,1426,149,8054,4034,707,544,1313,1366,10424,6039,4,174,137,5,374,10409,584
Apr2001,79,306,177,1179,1483,4644,189,1382,1842,791,3166,186,8511,2424,3002,313,2159,1872,18187,5123,7,80,88,3,509,21228,415
May2001,36,129,589,734,1119,6319,172,1087,1095,808,2410,193,4779,1106,4725,128,2391,1932,15555,6736,4,109,116,5,799,19302,407
Jun2001,32,85,457,326,390,4875,93,646,527,420,238,80,1226,427,2164,19,1541,1557,6897,4812,6,51,103,6,534,6187,198
Jul2001,7,80,466,126,213,2580,76,433,287,239,56,47,450,208,1386,12,1249,782,2355,3849,4,26,160,1,319,1115,74
Aug2001,8,83,760,55,183,1624,32,175,154,165,42,60,167,148,1032,11,863,599,852,2280,6,20,257,2,208,396,63
Sep2001,8,80,490,51,125,1203,21,104,232,97,41,55,199,251,656,8,516,273,486,1110,1,11,376,3,106,257,37
Oct2001,22,68,275,31,19,1616,32,102,374,126,95,250,226,438,435,10,532,234,720,898,2,33,637,2,122,249,101
Nov2001,175,50,109,44,3,1215,40,143,943,127,322,542,754,762,433,19,694,202,922,661,2,103,465,8,101,231,585
Dec2001,199,32,13,324,44,739,55,139,932,213,733,360,1169,558,195,16,494,185,2554,488,10,122,442,81,45,393,594
Jan2002,80,278,33,133,5156,1685,639,1774,4160,764,4414,2401,4948,2088,907,208,9373,923,50163,1812,82,210,342,125,260,3046,714
Feb2002,153,1059,192,546,17870,3728,1025,6520,8684,1885,4185,2239,8498,2537,2345,579,34216,1354,83705,3194,207,285,217,70,520,9052,452
Mar2002,303,2159,155,450,27439,3858,889,8807,5721,1791,2322,1447,54,2692,4688,1739,34983,1480,91164,5618,89,239,96,41,963,8001,211
Apr2002,66,1495,74,253,15059,2335,313,3600,1761,856,836,559,1083,1165,3908,2680,13750,1433,24578,3873,24,85,81,14,952,8426,135
May2002,35,894,33,122,5066,1633,109,1672,657,598,256,302,3884,519,2596,1402,4555,1105,5153,2000,16,65,68,5,613,8320,71
Jun2002,25,508,36,95,1674,1345,27,840,182,329,77,168,714,250,1172,236,1481,645,1339,1207,6,24,49,6,580,2441,35
Jul2002,19,372,53,95,993,1199,30,425,150,292,27,76,172,186,973,74,943,462,533,1157,6,23,62,3,450,458,15
Aug2002,11,218,112,131,841,1057,29,296,273,346,42,51,115,199,632,82,553,368,330,949,9,12,41,,298,240,11
Sep2002,14,146,90,73,929,611,6,228,283,229,22,68,80,291,293,37,408,275,224,705,6,34,39,4,216,133,14
Oct2002,20,103,31,62,841,749,19,242,149,430,13,226,94,344,287,54,479,256,397,716,1,64,107,4,182,125,66
Oct2002,92,131,29,166,841,897,38,425,383,486,45,491,394,518,585,96,508,356,1279,649,5,308,85,3,218,320,146
Dec2002,100,144,19,89,1018,682,82,606,494,405,149,951,779,690,484,95,525,192,2447,581,8,227,80,9,133,764,245
Jan2003,231,157,58,353,3280,2261,186,2865,1198,1290,188,2473,1310,1897,1091,734,731,477,1274,1040,9,719,129,17,419,5093,270
Feb2003,242,271,105,504,6716,4873,188,10204,1915,1409,402,3218,2751,2088,1476,2163,1718,823,1654,1994,14,637,109,14,622,5374,236
Mar2003,152,343,113,831,12413,5707,151,10018,1692,1210,625,1256,5092,1446,2476,5485,3729,1852,1464,3471,9,472,37,12,884,9185,203
Apr2003,97,606,99,724,10094,6069,118,3235,1399,609,518,389,3105,706,2763,2197,3715,2089,619,4303,7,228,9,2,949,4697,300
May2003,47,1336,194,825,5477,6559,79,1522,836,491,176,184,1643,373,2611,406,2895,2129,335,5157,5,138,52,3,763,2089,284
Jun2003,38,1338,279,447,1773,4086,36,745,349,264,65,92,496,318,998,39,1326,1178,152,3055,3,120,125,5,562,518,87
Jul2003,17,883,647,235,889,1648,39,232,200,208,21,65,96,258,634,9,597,524,77,961,2,90,748,1,297,187,34
Aug2003,7,332,1130,89,437,739,19,75,155,138,6,41,80,295,395,4,373,249,62,352,4,48,1595,1,181,56,21
Sep2003,8,250,911,43,353,438,6,75,134,88,3,55,54,303,216,2,183,87,66,201,0,38,1346,0,101,29,29
Oct2003,27,254,279,43,379,466,13,96,212,54,10,138,59,561,207,6,142,54,123,136,1,66,521,1,91,37,87
Nov2003,48,218,166,53,326,504,9,121,262,82,21,666,190,674,158,12,186,39,391,145,2,222,214,3,84,64,202
Dec2003,53,127,99,105,416,351,44,250,340,151,36,799,328,856,174,50,266,73,487,281,3,256,116,3,109,483,154
Jan2004,88,188,208,128,426,364,62,317,868,172,99,472,984,1652,129,734,307,81,273,289,4,376,59,4,62,598,252
Feb2004,134,315,238,159,720,652,74,505,1199,273,57,394,2349,1178,254,2163,583,126,164,287,5,302,42,3,69,1024,253
Mar2004,47,608,444,134,1224,464,50,954,1258,246,35,336,5517,829,213,5485,507,171,168,412,6,244,29,3,67,604,193
Apr2004,26,808,289,112,666,253,22,635,917,162,44,230,2600,380,140,2197,303,57,79,343,2,98,15,2,42,918,172
May2004,61,877,222,119,568,348,14,557,639,176,46,131,1665,292,158,406,193,52,44,323,0,56,26,2,46,918,137
Jun2004,51,437,237,56,352,468,7,207,225,137,10,66,392,172,141,39,161,58,36,232,3,41,15,0,42,208,72
Jul2004,44,370,234,66,195,392,11,123,103,83,6,29,77,159,105,9,134,55,25,234,0,29,24,0,29,75,27
Aug2004,40,238,211,46,89,409,4,63,67,82,5,15,30,195,92,4,96,117,56,240,1,32,42,0,24,35,27
Sep2004,96,166,230,20,56,227,3,27,67,32,3,13,17,166,39,2,61,62,79,103,0,38,70,0,26,42,24
Oct2004,397,251,150,24,31,182,6,24,87,64,3,129,24,201,45,6,62,33,96,65,0,107,67,2,9,26,68
Nov2004,2025,159,103,40,86,168,3,35,184,89,5,269,51,258,23,12,63,43,146,139,0,713,95,1,13,51,169
Dec2004,1506,104,145,34,152,103,5,77,283,146,15,322,195,375,20,50,70,18,242,155,0,1175,85,2,24,86,175
Jan2005,1473,83,182,76,822,1204,36,155,710,331,12,516,252,896,158,35,88,182,130,276,11,1980,90,4,12,236,453
Feb2005,489,322,388,108,1726,1485,45,351,1595,603,53,915,784,1509,359,27,146,263,98,356,6,1350,148,8,22,428,584
Mar2005,187,263,546,180,4813,1293,63,498,2947,1040,157,1163,2154,1488,894,21,291,512,68,660,4,1120,211,8,65,1039,492
Apr2005,49,288,388,210,4764,1318,67,472,4305,793,169,1029,3327,723,1411,43,1335,499,71,676,3,360,193,4,59,1648,433
May2005,17,395,361,185,3045,2569,44,520,3372,1325,86,626,2349,578,1085,9,1391,715,60,809,8,126,327,10,84,1557,656
Jun2005,16,284,160,115,990,4058,24,314,1493,1023,67,349,788,366,655,3,809,984,58,630,4,83,830,4,121,1060,333
Jul2005,10,275,149,58,468,6222,41,136,453,814,17,124,210,255,508,1,659,724,49,585,2,69,362,3,110,507,113
Aug2005,6,230,161,33,321,5152,20,85,352,364,13,65,175,322,364,2,356,418,103,591,4,48,102,2,53,233,58
Sep2005,0,172,103,10,270,2481,10,43,293,202,11,74,82,370,254,5,284,120,84,360,0,27,26,3,35,134,22
Oct2005,7,139,56,3,256,1027,10,82,581,85,8,200,148,477,127,4,206,72,116,223,0,52,19,2,33,130,18
Nov2005,28,113,96,16,311,969,10,44,1158,94,8,786,406,640,110,10,207,59,184,157,0,227,44,0,55,328,93
Dec2005,263,78,66,17,388,699,15,34,1542,70,22,537,632,566,126,10,164,19,404,121,3,688,23,2,34,266,148
Jan2006,108,186,554,76,591,1019,81,515,4605,374,159,927,2809,1848,245,44,700,250,2235,264,5,1966,32,4,62,1573,507
Feb2006,60,203,454,86,745,1150,50,1225,4817,543,558,993,4919,1163,212,55,741,280,4299,316,16,1446,12,9,59,4286,684
Mar2006,50,152,349,133,1307,1974,85,2006,5136,510,2742,1562,8079,1103,371,262,1530,461,8633,570,11,422,5,14,94,16927,1092
Apr2006,38,138,124,66,1483,3073,102,2672,4834,575,3737,959,8490,720,464,375,1390,433,7207,726,10,139,22,10,190,27055,1031
May2006,14,259,104,52,1119,6149,80,2568,2712,778,1428,650,5337,594,329,185,2317,807,3202,1064,13,64,98,10,255,11214,1057
Jun2006,26,355,65,36,390,5829,31,698,661,340,357,261,1051,315,324,79,1804,1335,1013,1828,6,34,134,3,129,2189,287
Jul2006,52,542,52,32,213,4143,24,224,206,223,116,181,268,134,337,20,1410,543,397,1648,,16,222,1,94,755,100
Aug2006,48,642,59,41,183,2292,18,126,108,208,59,243,168,151,284,19,997,317,258,772,2,17,219,2,64,513,100
Sep2006,19,244,10,45,125,470,10,75,34,18,108,88,170,134,143,3,358,120,105,234,1,11,227,1,31,468,27
Oct2006,9,8,5,38,19,73,2,6,6,24,195,41,48,17,1,6,25,16,13,2,,7,36,,2,475,47
Nov2006,0,40,51,13,46,88,15,35,240,0,10,104,199,212,17,27,141,21,171,22,,188,3,,6,136,0
Dec2006,0,0,0,0,0,0,0,0,0,0,0,0,0,0,0,0,0,0,0,0,,0,0,0,0,0,0