"biweekEndDate","meanSlope","varSlope","biweek","year","location"
2016-02-24,NA,NA,4,2016,"Acre"
2016-03-09,0,0,5,2016,"Acre"
2016-03-23,NA,NA,6,2016,"Acre"
2016-04-06,NA,NA,7,2016,"Acre"
2016-04-20,NA,NA,8,2016,"Acre"
2016-05-04,0.94453125,0.772623255725357,9,2016,"Acre"
2016-05-18,0.569888565891473,0.469847682857911,10,2016,"Acre"
2016-06-01,0.121055651176133,0.118557810882281,11,2016,"Acre"
2016-06-15,0,0,12,2016,"Acre"
2016-06-29,NA,NA,13,2016,"Acre"
2016-07-13,NA,NA,14,2016,"Acre"
2016-07-27,2.34516977522716,2.66801223566242,15,2016,"Acre"
2016-08-10,1.19502623773671,1.36169743026148,16,2016,"Acre"
2016-08-24,0.634339210367691,0.530868520542398,17,2016,"Acre"
2016-09-07,0.292940125111707,0.252435549877747,18,2016,"Acre"
2016-09-21,0.286048689138577,0.242437050517839,19,2016,"Acre"
2016-10-05,0.0808080808080808,0.0795966420966421,20,2016,"Acre"
2016-10-19,0.0444444444444444,0.0429463171036205,21,2016,"Acre"
2016-11-02,0.703296703296703,0.610989010989011,22,2016,"Acre"
2016-11-16,0.991355721393035,1.00042046387998,23,2016,"Acre"
2016-11-30,0.655752840909091,0.646427660652578,24,2016,"Acre"
2016-12-14,0.187855517633675,0.148541243286693,25,2016,"Acre"
2016-12-28,0,0,26,2016,"Acre"
2016-01-27,0.123586928953933,0.0016428620099246,2,2016,"Alagoas"
2016-02-10,0.200823750956646,0.0298629025486619,3,2016,"Alagoas"
2016-02-24,4.50811709358967,8.71803885532717,4,2016,"Alagoas"
2016-03-09,0.607860074647575,0.250143108848176,5,2016,"Alagoas"
2016-03-23,1.36902908710015,1.37514658411054,6,2016,"Alagoas"
2016-04-06,0.521942935182731,0.392365561294073,7,2016,"Alagoas"
2016-04-20,4.17149372186686,6.99461656965242,8,2016,"Alagoas"
2016-05-04,0.0559445875644471,0.0164131621602905,9,2016,"Alagoas"
2016-05-18,0,0,10,2016,"Alagoas"
2016-06-01,NA,NA,11,2016,"Alagoas"
2016-06-15,1.88235294117647,1.86452762923351,12,2016,"Alagoas"
2016-06-29,0.944819935142516,1.01405745954982,13,2016,"Alagoas"
2016-07-13,0.378505126073705,0.336984835819316,14,2016,"Alagoas"
2016-07-27,0.0199530516431925,0.0178362330847832,15,2016,"Alagoas"
2016-08-10,0.958333333333333,0.824275362318841,16,2016,"Alagoas"
2016-08-24,0.714179104477612,0.695335256166565,17,2016,"Alagoas"
2016-09-07,0.830764935790061,0.800603944092823,18,2016,"Alagoas"
2016-09-21,0.872840447154472,0.871707797404787,19,2016,"Alagoas"
2016-10-05,1.11114383897889,1.11748379294748,20,2016,"Alagoas"
2016-10-19,0.316441151202749,0.310251293163175,21,2016,"Alagoas"
2016-11-02,0,0,22,2016,"Alagoas"
2016-11-16,NA,NA,23,2016,"Alagoas"
2016-11-30,0,0,24,2016,"Alagoas"
2016-12-14,NA,NA,25,2016,"Alagoas"
2016-12-28,NA,NA,26,2016,"Alagoas"
2016-04-20,1.08559504577275,1.01321224423288,8,2016,"Amapa"
2016-05-04,1.51195561139028,1.51105499676931,9,2016,"Amapa"
2016-05-18,0.462243386243386,0.383254093081224,10,2016,"Amapa"
2016-06-01,0.588082274652148,0.512593063117564,11,2016,"Amapa"
2016-06-15,0.0775862068965517,0.0693047190416308,12,2016,"Amapa"
2016-06-29,0,0,13,2016,"Amapa"
2016-07-13,NA,NA,14,2016,"Amapa"
2016-07-27,0.834104938271605,0.693927050435448,15,2016,"Amapa"
2016-08-10,0.108279395900755,0.0944941894145093,16,2016,"Amapa"
2016-08-24,0,0,17,2016,"Amapa"
2016-09-07,NA,NA,18,2016,"Amapa"
2016-09-21,1.19114057239057,1.2279959302074,19,2016,"Amapa"
2016-10-05,0.0757254901960784,0.0666132997682779,20,2016,"Amapa"
2016-10-19,0,0,21,2016,"Amapa"
2016-11-02,NA,NA,22,2016,"Amapa"
2016-11-16,NA,NA,23,2016,"Amapa"
2016-11-30,0.684210526315789,0.450292397660819,24,2016,"Amapa"
2016-12-14,0.561111111111111,0.548565684682595,25,2016,"Amapa"
2016-12-28,0.774037834311807,0.72076582078798,26,2016,"Amapa"
2016-03-23,0.764545672692369,0.780019698940845,6,2016,"Amazonas"
2016-04-06,1.48231653404067,1.68912394630144,7,2016,"Amazonas"
2016-04-20,1.06665454643396,1.21446477830867,8,2016,"Amazonas"
2016-05-04,0.981284639746635,1.04534401097002,9,2016,"Amazonas"
2016-05-18,0.452175697865353,0.439521222962589,10,2016,"Amazonas"
2016-06-01,0.667190775681342,0.614393398868982,11,2016,"Amazonas"
2016-06-15,2.86886304909561,3.39485169296639,12,2016,"Amazonas"
2016-06-29,0.839502388338996,0.690079167785289,13,2016,"Amazonas"
2016-07-13,0.0287984373350227,0.0214824281941925,14,2016,"Amazonas"
2016-07-27,0.849056603773585,0.669085631349782,15,2016,"Amazonas"
2016-08-10,0,0,16,2016,"Amazonas"
2016-08-24,NA,NA,17,2016,"Amazonas"
2016-09-07,2.91191460055096,3.75252642886546,18,2016,"Amazonas"
2016-09-21,0.521400292424757,0.40909416307917,19,2016,"Amazonas"
2016-10-05,0.602522068095839,0.581661700725908,20,2016,"Amazonas"
2016-10-19,3.36347517730496,4.35900573576716,21,2016,"Amazonas"
2016-11-02,1.86241496598639,2.34862556092497,22,2016,"Amazonas"
2016-11-16,0.469741764977472,0.234577101392051,23,2016,"Amazonas"
2016-11-30,0.295231466751511,0.220309871675047,24,2016,"Amazonas"
2016-12-14,2.11012048192771,2.08524354422521,25,2016,"Amazonas"
2016-12-28,4.11897903726708,8.5019024886972,26,2016,"Amazonas"
2016-01-27,0.228538330164738,0.000464634238916295,2,2016,"Bahia"
2016-02-10,0.530806900302296,0.00601515268524298,3,2016,"Bahia"
2016-02-24,0.443156328595023,0.0089370995088572,4,2016,"Bahia"
2016-03-09,1.55842775934254,0.140952196679221,5,2016,"Bahia"
2016-03-23,0.671069995792517,0.0257951291689225,6,2016,"Bahia"
2016-04-06,0.349600632773812,0.0181274975804229,7,2016,"Bahia"
2016-04-20,0.519849662356048,0.110367638646864,8,2016,"Bahia"
2016-05-04,1.92182970045508,2.65845543518806,9,2016,"Bahia"
2016-05-18,1.28530519843956,0.759495658978153,10,2016,"Bahia"
2016-06-01,0.80634985986236,0.353088284120075,11,2016,"Bahia"
2016-06-15,2.23985566684659,2.70251167089925,12,2016,"Bahia"
2016-06-29,0.588103450303566,0.154894604514292,13,2016,"Bahia"
2016-07-13,1.9813446743095,2.59949404824134,14,2016,"Bahia"
2016-07-27,0.119338734616512,0.0427772625914665,15,2016,"Bahia"
2016-08-10,6.49371693121693,9.69777356583602,16,2016,"Bahia"
2016-08-24,0,0,17,2016,"Bahia"
2016-09-07,NA,NA,18,2016,"Bahia"
2016-09-21,3.75580886366815,3.29891259882015,19,2016,"Bahia"
2016-10-05,0.319386238978733,0.015342632125782,20,2016,"Bahia"
2016-10-19,0.356683542154066,0.131477554318711,21,2016,"Bahia"
2016-11-02,4.48462000962001,11.3014588214095,22,2016,"Bahia"
2016-11-16,0.542451510280225,0.129435071288011,23,2016,"Bahia"
2016-11-30,1.65140009563086,1.72593358843228,24,2016,"Bahia"
2016-12-14,2.41281503100711,3.29268477231205,25,2016,"Bahia"
2016-01-27,0.202773840700771,0.00134235299390838,2,2016,"Ceara"
2016-02-10,0.604535580786935,0.0280625961265716,3,2016,"Ceara"
2016-02-24,0.462123130645589,0.0313082914097019,4,2016,"Ceara"
2016-03-09,0.469350093538213,0.115792088548694,5,2016,"Ceara"
2016-03-23,1.28803766603767,1.45651850901047,6,2016,"Ceara"
2016-04-06,1.71558185187627,2.08457099606669,7,2016,"Ceara"
2016-04-20,0.31687104240081,0.178075815617956,8,2016,"Ceara"
2016-05-04,0.782154195011338,0.792174659812457,9,2016,"Ceara"
2016-05-18,0,0,10,2016,"Ceara"
2016-06-01,NA,NA,11,2016,"Ceara"
2016-06-15,0.873643410852713,0.73071433746287,12,2016,"Ceara"
2016-06-29,0.849972035794183,0.931270307339938,13,2016,"Ceara"
2016-07-13,0,0,14,2016,"Ceara"
2016-07-27,NA,NA,15,2016,"Ceara"
2016-08-10,1.33272318561336,1.44164752489897,16,2016,"Ceara"
2016-08-24,0.528729147710039,0.490083577411423,17,2016,"Ceara"
2016-09-07,0,0,18,2016,"Ceara"
2016-09-21,NA,NA,19,2016,"Ceara"
2016-10-05,0,0,20,2016,"Ceara"
2016-10-19,NA,NA,21,2016,"Ceara"
2016-11-02,0,0,22,2016,"Ceara"
2016-11-16,NA,NA,23,2016,"Ceara"
2016-11-30,0.4872883120964,0.155270121706668,24,2016,"Ceara"
2016-12-14,0.777998794454491,0.627647096958272,25,2016,"Ceara"
2016-12-28,3.90021750478511,6.51698154242436,26,2016,"Ceara"
2016-01-27,0.104746257758306,0.0773282036972985,2,2016,"Distrito_Federal"
2016-02-10,1.07344632768362,0.957643168977915,3,2016,"Distrito_Federal"
2016-02-24,0,0,4,2016,"Distrito_Federal"
2016-03-09,NA,NA,5,2016,"Distrito_Federal"
2016-03-23,NA,NA,6,2016,"Distrito_Federal"
2016-04-06,NA,NA,7,2016,"Distrito_Federal"
2016-04-20,NA,NA,8,2016,"Distrito_Federal"
2016-05-04,0.375,0.267857142857143,9,2016,"Distrito_Federal"
2016-05-18,0.641623488773748,0.61149341537133,10,2016,"Distrito_Federal"
2016-06-01,0.461576846307385,0.384979041916168,11,2016,"Distrito_Federal"
2016-06-15,0,0,12,2016,"Distrito_Federal"
2016-06-29,NA,NA,13,2016,"Distrito_Federal"
2016-07-13,NA,NA,14,2016,"Distrito_Federal"
2016-07-27,NA,NA,15,2016,"Distrito_Federal"
2016-08-10,0.489824322963858,0.406189696876099,16,2016,"Distrito_Federal"
2016-08-24,0.364174219536757,0.326486886394372,17,2016,"Distrito_Federal"
2016-09-07,0.199720670391061,0.202997120635964,18,2016,"Distrito_Federal"
2016-09-21,0,0,19,2016,"Distrito_Federal"
2016-10-05,NA,NA,20,2016,"Distrito_Federal"
2016-10-19,0.447301784973018,0.378098834137846,21,2016,"Distrito_Federal"
2016-11-02,1.29337050805452,1.2846869839248,22,2016,"Distrito_Federal"
2016-11-16,0.774682246822468,0.703811902876828,23,2016,"Distrito_Federal"
2016-11-30,1.82227564102564,1.84749142139574,24,2016,"Distrito_Federal"
2016-12-14,0.738279945346895,0.652724521981447,25,2016,"Distrito_Federal"
2016-12-28,0.204682843763304,0.173336241283861,26,2016,"Distrito_Federal"
2016-01-27,0.312295719030533,0.0129823820081647,2,2016,"Espirito_Santo"
2016-02-10,0.668112619197519,0.134444231158394,3,2016,"Espirito_Santo"
2016-02-24,1.46402756124978,1.25885184312718,4,2016,"Espirito_Santo"
2016-03-09,2.11072076729971,1.9740887344676,5,2016,"Espirito_Santo"
2016-03-23,0.333727182076572,0.0419495201481237,6,2016,"Espirito_Santo"
2016-04-06,2.00043136376808,2.77681428478389,7,2016,"Espirito_Santo"
2016-04-20,0.644669824687212,0.383041018267246,8,2016,"Espirito_Santo"
2016-05-04,0.0300624053217414,0.0152013428576874,9,2016,"Espirito_Santo"
2016-05-18,0,0,10,2016,"Espirito_Santo"
2016-06-01,NA,NA,11,2016,"Espirito_Santo"
2016-06-15,1.15162322816644,1.06707878702992,12,2016,"Espirito_Santo"
2016-06-29,1.29618389423077,1.32714154028315,13,2016,"Espirito_Santo"
2016-07-13,1.45067346938775,1.69163064391606,14,2016,"Espirito_Santo"
2016-07-27,5.12447429114096,12.869300136766,15,2016,"Espirito_Santo"
2016-08-10,0.934891464813137,0.271401565866476,16,2016,"Espirito_Santo"
2016-08-24,1.5810571752422,0.90965218689099,17,2016,"Espirito_Santo"
2016-09-07,0.154093508804577,0.019851334963895,18,2016,"Espirito_Santo"
2016-09-21,1.34745196324144,1.43457526431442,19,2016,"Espirito_Santo"
2016-10-05,0.973640805528561,0.89687288345511,20,2016,"Espirito_Santo"
2016-10-19,0.620816566063045,0.563611615438063,21,2016,"Espirito_Santo"
2016-11-02,0,0,22,2016,"Espirito_Santo"
2016-11-16,NA,NA,23,2016,"Espirito_Santo"
2016-11-30,NA,NA,24,2016,"Espirito_Santo"
2016-12-14,0.91337919393475,0.72409395930693,25,2016,"Espirito_Santo"
2016-12-28,0,0,26,2016,"Espirito_Santo"
2016-01-27,0.966497625634969,0.148827062409715,2,2016,"Goias"
2016-02-10,0.654680026680555,0.10238071686036,3,2016,"Goias"
2016-02-24,0.630834911248882,0.226314630841741,4,2016,"Goias"
2016-03-09,0.936843700620243,0.834421765307167,5,2016,"Goias"
2016-03-23,0.826884920634921,0.803518711268496,6,2016,"Goias"
2016-04-06,0.819553221288515,0.775365168307213,7,2016,"Goias"
2016-04-20,1.05706545296922,0.983247178725377,8,2016,"Goias"
2016-05-04,0.698607647547797,0.653749966272417,9,2016,"Goias"
2016-05-18,0.509154929577465,0.527665533430468,10,2016,"Goias"
2016-06-01,0.687549407114625,0.637245115815929,11,2016,"Goias"
2016-06-15,0.589399191218949,0.595039337476197,12,2016,"Goias"
2016-06-29,0.494161958568738,0.436462708311125,13,2016,"Goias"
2016-07-13,0.629347826086956,0.609412790881248,14,2016,"Goias"
2016-07-27,1.60578616352201,1.83318426840722,15,2016,"Goias"
2016-08-10,2.25917284366577,2.86301013430282,16,2016,"Goias"
2016-08-24,1.50592703989943,1.80019488520332,17,2016,"Goias"
2016-09-07,1.05477088700773,1.05687779602053,18,2016,"Goias"
2016-09-21,1.77320510938188,2.14026952042062,19,2016,"Goias"
2016-10-05,1.78435820551012,2.50245173245994,20,2016,"Goias"
2016-10-19,1.4457481957482,0.953408715138423,21,2016,"Goias"
2016-11-02,1.5148293460385,0.861958851357091,22,2016,"Goias"
2016-11-16,0.851771349647085,0.269422689017638,23,2016,"Goias"
2016-11-30,0.865961378851626,0.316456397165772,24,2016,"Goias"
2016-12-14,1.13879915637689,0.756856614606757,25,2016,"Goias"
2016-12-28,1.1605249524345,1.13919955188673,26,2016,"Goias"
2016-01-27,0.175308215617831,0.00183473591957768,2,2016,"Maranhao"
2016-02-10,1.21164161564745,0.154595490032432,3,2016,"Maranhao"
2016-02-24,0.462389543014503,0.0323967082282619,4,2016,"Maranhao"
2016-03-09,1.11623244908257,0.337951343984273,5,2016,"Maranhao"
2016-03-23,1.11668772042801,0.273202581031733,6,2016,"Maranhao"
2016-04-06,0.041479199537133,0.00539582462415387,7,2016,"Maranhao"
2016-04-20,2.18495297805643,2.36942346913069,8,2016,"Maranhao"
2016-05-04,2.83080673294959,4.8153752932537,9,2016,"Maranhao"
2016-05-18,0,0,10,2016,"Maranhao"
2016-06-01,NA,NA,11,2016,"Maranhao"
2016-06-15,0.240995804059329,0.136191778035105,12,2016,"Maranhao"
2016-06-29,6.64627659574468,10.3560599043788,13,2016,"Maranhao"
2016-07-13,0.980491036741037,0.611090119706511,14,2016,"Maranhao"
2016-07-27,0.915178659623104,0.591286562588669,15,2016,"Maranhao"
2016-08-10,0.436632753064914,0.267150413418737,16,2016,"Maranhao"
2016-08-24,1.02650223118773,1.09393772802826,17,2016,"Maranhao"
2016-09-07,0.0370539334955393,0.0305499005928455,18,2016,"Maranhao"
2016-09-21,0.0612244897959184,0.0586734693877551,19,2016,"Maranhao"
2016-10-05,2.025,2.09430379746835,20,2016,"Maranhao"
2016-10-19,1.56484145570797,1.75953689249653,21,2016,"Maranhao"
2016-11-02,0.504567567567568,0.430917959892705,22,2016,"Maranhao"
2016-11-16,0.726680216802168,0.778960029674944,23,2016,"Maranhao"
2016-11-30,0.429100106496273,0.411698051118211,24,2016,"Maranhao"
2016-12-14,3.88377679231338,4.93974918562317,25,2016,"Maranhao"
2016-12-28,0.247771128433414,0.139861727357711,26,2016,"Maranhao"
2016-01-27,0.065702274975272,0.055223189418624,2,2016,"Mato_Grosso_do_Sul"
2016-02-10,0.603260869565217,0.612846392737697,3,2016,"Mato_Grosso_do_Sul"
2016-02-24,0,0,4,2016,"Mato_Grosso_do_Sul"
2016-03-09,NA,NA,5,2016,"Mato_Grosso_do_Sul"
2016-03-23,NA,NA,6,2016,"Mato_Grosso_do_Sul"
2016-04-06,NA,NA,7,2016,"Mato_Grosso_do_Sul"
2016-04-20,NA,NA,8,2016,"Mato_Grosso_do_Sul"
2016-05-04,NA,NA,9,2016,"Mato_Grosso_do_Sul"
2016-05-18,NA,NA,10,2016,"Mato_Grosso_do_Sul"
2016-06-01,0,0,11,2016,"Mato_Grosso_do_Sul"
2016-06-15,0.125,0.125,12,2016,"Mato_Grosso_do_Sul"
2016-06-29,0.884370015948963,0.797863503455609,13,2016,"Mato_Grosso_do_Sul"
2016-07-13,2.02758706467662,2.17881388337337,14,2016,"Mato_Grosso_do_Sul"
2016-07-27,0.865330236572241,0.773477272384808,15,2016,"Mato_Grosso_do_Sul"
2016-08-10,0.750218207932825,0.754438201109958,16,2016,"Mato_Grosso_do_Sul"
2016-08-24,0.69093567251462,0.731653523755705,17,2016,"Mato_Grosso_do_Sul"
2016-09-07,1.21335978835979,1.20955405335307,18,2016,"Mato_Grosso_do_Sul"
2016-09-21,0.224989724619811,0.190906978632283,19,2016,"Mato_Grosso_do_Sul"
2016-10-05,0.762387387387387,0.668395938311193,20,2016,"Mato_Grosso_do_Sul"
2016-10-19,1.25198412698413,1.23127791126644,21,2016,"Mato_Grosso_do_Sul"
2016-11-02,0.215069542668553,0.173623568932646,22,2016,"Mato_Grosso_do_Sul"
2016-11-16,0,0,23,2016,"Mato_Grosso_do_Sul"
2016-11-30,NA,NA,24,2016,"Mato_Grosso_do_Sul"
2016-12-14,0,0,25,2016,"Mato_Grosso_do_Sul"
2016-12-28,NA,NA,26,2016,"Mato_Grosso_do_Sul"
2016-01-27,0.123023994845079,0.00141536525981957,2,2016,"Mato_Grosso"
2016-02-10,0.404302942901275,0.054604041120722,3,2016,"Mato_Grosso"
2016-02-24,0.168214770639013,0.0929464063358214,4,2016,"Mato_Grosso"
2016-03-09,0.197496263079223,0.183956888250673,5,2016,"Mato_Grosso"
2016-03-23,5.02380952380952,5.92924687605539,6,2016,"Mato_Grosso"
2016-04-06,0.258264740742082,0.105124263851091,7,2016,"Mato_Grosso"
2016-04-20,0.269062027231467,0.221117570052517,8,2016,"Mato_Grosso"
2016-05-04,1.54545454545455,1.66093366093366,9,2016,"Mato_Grosso"
2016-05-18,0,0,10,2016,"Mato_Grosso"
2016-06-01,NA,NA,11,2016,"Mato_Grosso"
2016-06-15,0.0946414355575052,0.0534383035245523,12,2016,"Mato_Grosso"
2016-06-29,6.19844632768362,7.1612788997075,13,2016,"Mato_Grosso"
2016-07-13,0.520657787939414,0.215253338121613,14,2016,"Mato_Grosso"
2016-07-27,1.22882846794519,1.22901153395934,15,2016,"Mato_Grosso"
2016-08-10,5.97066225844482,16.667720812114,16,2016,"Mato_Grosso"
2016-08-24,0.403546887244947,0.05417325791554,17,2016,"Mato_Grosso"
2016-09-07,0.656087124312605,0.412081574462453,18,2016,"Mato_Grosso"
2016-09-21,1.49109226841721,1.81846732045671,19,2016,"Mato_Grosso"
2016-10-05,1.16987269740702,1.30569511112353,20,2016,"Mato_Grosso"
2016-10-19,2.64503217503218,4.03667204467587,21,2016,"Mato_Grosso"
2016-11-02,1.16897380285935,0.986639554738877,22,2016,"Mato_Grosso"
2016-11-16,0.808268885708524,0.583424852881244,23,2016,"Mato_Grosso"
2016-11-30,1.14886215538847,1.33388738608177,24,2016,"Mato_Grosso"
2016-12-14,0.14833608786971,0.0996382222190035,25,2016,"Mato_Grosso"
2016-12-28,2.72097378277154,2.84112903982803,26,2016,"Mato_Grosso"
2016-01-27,5.83326826382727,11.5055744618655,2,2016,"Minas_Gerais"
2016-02-10,0.877764041264893,0.359775540195262,3,2016,"Minas_Gerais"
2016-02-24,1.10651936174812,0.620390642357637,4,2016,"Minas_Gerais"
2016-03-09,0.134065497954387,0.0422596363956686,5,2016,"Minas_Gerais"
2016-03-23,2.15016972165648,2.38123863326729,6,2016,"Minas_Gerais"
2016-04-06,0.513455909257227,0.43947839323403,7,2016,"Minas_Gerais"
2016-04-20,14.4545107033639,44.6528429029821,8,2016,"Minas_Gerais"
2016-05-04,0.282818161486373,0.0223727486350152,9,2016,"Minas_Gerais"
2016-05-18,1.42812815325378,2.03038253562293,10,2016,"Minas_Gerais"
2016-06-01,1.00640918142102,0.668307752888689,11,2016,"Minas_Gerais"
2016-06-15,1.26854600999404,1.18273826910548,12,2016,"Minas_Gerais"
2016-06-29,1.23856515633563,1.22018340738084,13,2016,"Minas_Gerais"
2016-07-13,1.69821364217389,2.14540799966626,14,2016,"Minas_Gerais"
2016-07-27,1.66999035024161,2.16175529033551,15,2016,"Minas_Gerais"
2016-08-10,1.73416123372286,1.48522342890763,16,2016,"Minas_Gerais"
2016-08-24,0.437023319327731,0.0897124624906362,17,2016,"Minas_Gerais"
2016-09-07,1.95623292745206,2.67741490880291,18,2016,"Minas_Gerais"
2016-09-21,3.97885261865723,7.00951159507647,19,2016,"Minas_Gerais"
2016-10-05,0.73992849143427,0.0868125005685428,20,2016,"Minas_Gerais"
2016-10-19,0.721847993097374,0.139340826645182,21,2016,"Minas_Gerais"
2016-11-02,0.784437701037353,0.237685243680772,22,2016,"Minas_Gerais"
2016-11-16,2.75984031801532,4.15276695841588,23,2016,"Minas_Gerais"
2016-11-30,0.758423803810569,0.146433671815348,24,2016,"Minas_Gerais"
2016-12-14,0.638616321342057,0.227838609199286,25,2016,"Minas_Gerais"
2016-12-28,33.6467033804559,519.053078633152,26,2016,"Minas_Gerais"
2016-01-27,0.0457797299027138,0.0235590616472912,2,2016,"Para"
2016-02-10,6.01418439716312,5.4855116514691,3,2016,"Para"
2016-02-24,0.457319110096888,0.238701414835301,4,2016,"Para"
2016-03-09,2.82074937250327,4.22597407470247,5,2016,"Para"
2016-03-23,0.400384220866149,0.203228489799551,6,2016,"Para"
2016-04-06,2.19974404761905,2.58753318884291,7,2016,"Para"
2016-04-20,0.469112465129937,0.301812332131613,8,2016,"Para"
2016-05-04,1.98441162681669,2.15251605004303,9,2016,"Para"
2016-05-18,0.258235904126315,0.188375660610479,10,2016,"Para"
2016-06-01,0,0,11,2016,"Para"
2016-06-15,NA,NA,12,2016,"Para"
2016-06-29,0.115391480099919,0.0106022243080586,13,2016,"Para"
2016-07-13,0.512201257861635,0.524554272346583,14,2016,"Para"
2016-07-27,10.8860062893082,21.9578509598427,15,2016,"Para"
2016-08-10,0.68145669921238,0.10697034194217,16,2016,"Para"
2016-08-24,0.811102690502652,0.327831356181937,17,2016,"Para"
2016-09-07,0,0,18,2016,"Para"
2016-09-21,NA,NA,19,2016,"Para"
2016-10-05,0.299944593917459,0.0309176254128152,20,2016,"Para"
2016-10-19,0.640896092211882,0.506548718991689,21,2016,"Para"
2016-11-02,1.7376098275301,2.15109985408689,22,2016,"Para"
2016-11-16,0.329582210242588,0.245106478800909,23,2016,"Para"
2016-11-30,2.14450686641698,2.14032519934822,24,2016,"Para"
2016-12-14,0.684704184704185,0.655963689321335,25,2016,"Para"
2016-12-28,0,0,26,2016,"Para"
2016-01-27,0.124632975202999,0.000463435524046609,2,2016,"Paraiba"
2016-02-10,0.0412978841600966,0.00112057576700935,3,2016,"Paraiba"
2016-02-24,3.96009535655058,6.18943061217711,4,2016,"Paraiba"
2016-03-09,0.801090492673659,0.443902118872756,5,2016,"Paraiba"
2016-03-23,0.105344615782498,0.0638882488177015,6,2016,"Paraiba"
2016-04-06,0.275793650793651,0.233395781951559,7,2016,"Paraiba"
2016-04-20,1.56973995271868,1.48424516740561,8,2016,"Paraiba"
2016-05-04,0,0,9,2016,"Paraiba"
2016-05-18,NA,NA,10,2016,"Paraiba"
2016-06-01,NA,NA,11,2016,"Paraiba"
2016-06-15,NA,NA,12,2016,"Paraiba"
2016-06-29,NA,NA,13,2016,"Paraiba"
2016-07-13,0.5,0.333333333333333,14,2016,"Paraiba"
2016-07-27,0.122222222222222,0.121144278606965,15,2016,"Paraiba"
2016-08-10,0.113861386138614,0.159405940594059,16,2016,"Paraiba"
2016-08-24,0.0683760683760684,0.0814913056292367,17,2016,"Paraiba"
2016-09-07,0.0106382978723404,0.0106382978723404,18,2016,"Paraiba"
2016-09-21,0.0666666666666667,0.0666666666666667,19,2016,"Paraiba"
2016-10-05,2.71363636363636,2.56632610508757,20,2016,"Paraiba"
2016-10-19,1.13332055998365,1.17666504985238,21,2016,"Paraiba"
2016-11-02,0,0,22,2016,"Paraiba"
2016-11-16,NA,NA,23,2016,"Paraiba"
2016-11-30,0.182693798449612,0.142592722067304,24,2016,"Paraiba"
2016-12-14,0.428380187416332,0.433581998243872,25,2016,"Paraiba"
2016-12-28,1.62060301507538,1.40775244821927,26,2016,"Paraiba"
2016-02-10,NA,NA,3,2016,"Parana"
2016-02-24,NA,NA,4,2016,"Parana"
2016-03-09,0.378507871321013,0.342490955985011,5,2016,"Parana"
2016-03-23,0.358085808580858,0.355878764055066,6,2016,"Parana"
2016-04-06,0.0142857142857143,0.0141219811706918,7,2016,"Parana"
2016-04-20,0,0,8,2016,"Parana"
2016-05-04,NA,NA,9,2016,"Parana"
2016-05-18,NA,NA,10,2016,"Parana"
2016-06-01,0,0,11,2016,"Parana"
2016-06-15,NA,NA,12,2016,"Parana"
2016-06-29,NA,NA,13,2016,"Parana"
2016-07-13,NA,NA,14,2016,"Parana"
2016-07-27,NA,NA,15,2016,"Parana"
2016-08-10,0,0,16,2016,"Parana"
2016-08-24,1.11428571428571,0.927731092436975,17,2016,"Parana"
2016-09-07,2.35177065767285,2.10906545932526,18,2016,"Parana"
2016-09-21,0.63246398046398,0.568752671583384,19,2016,"Parana"
2016-10-05,0.0609321305841924,0.0474183271440712,20,2016,"Parana"
2016-10-19,0.0198019801980198,0.0196039603960396,21,2016,"Parana"
2016-11-02,0,0,22,2016,"Parana"
2016-11-16,NA,NA,23,2016,"Parana"
2016-11-30,NA,NA,24,2016,"Parana"
2016-12-14,NA,NA,25,2016,"Parana"
2016-12-28,0.364842161583735,0.284450587737528,26,2016,"Parana"
2016-01-27,0.169845065151164,0.000384801503403375,2,2016,"Pernambuco"
2016-02-10,0.272571177748844,0.00386237887948622,3,2016,"Pernambuco"
2016-02-24,0.488133656600363,0.0337041545364011,4,2016,"Pernambuco"
2016-03-09,1.01248336736046,0.268363861230628,5,2016,"Pernambuco"
2016-03-23,0.320087171707721,0.0676139740994891,6,2016,"Pernambuco"
2016-04-06,0.155634672101269,0.128058675167439,7,2016,"Pernambuco"
2016-04-20,0.0183908045977011,0.0156160097575203,8,2016,"Pernambuco"
2016-05-04,0,0,9,2016,"Pernambuco"
2016-05-18,0,NA,10,2016,"Pernambuco"
2016-06-01,NA,NA,11,2016,"Pernambuco"
2016-06-15,NA,NA,12,2016,"Pernambuco"
2016-06-29,1.97736842105263,2.21741629037432,13,2016,"Pernambuco"
2016-07-13,4.00078560703561,8.31252129092688,14,2016,"Pernambuco"
2016-07-27,0.19384094445154,0.0592366010305053,15,2016,"Pernambuco"
2016-08-10,0.44331450094162,0.432454847986816,16,2016,"Pernambuco"
2016-08-24,0.0234204793028322,0.0208749559988964,17,2016,"Pernambuco"
2016-09-07,0.1,0.0931034482758621,18,2016,"Pernambuco"
2016-09-21,2.875,4.97515060240964,19,2016,"Pernambuco"
2016-10-05,0.0701277709359606,0.0473617624425652,20,2016,"Pernambuco"
2016-10-19,1.78368794326241,1.84751773049645,21,2016,"Pernambuco"
2016-11-02,0.296185325091575,0.301879366417164,22,2016,"Pernambuco"
2016-11-16,0.256320224719101,0.242272148810466,23,2016,"Pernambuco"
2016-11-30,1.90393013100437,1.88327396000919,24,2016,"Pernambuco"
2016-12-14,0.241967706622879,0.191189716800882,25,2016,"Pernambuco"
2016-01-27,0.319220903252062,0.0065910665104551,2,2016,"Piaui"
2016-02-10,0.190207493777817,0.0130938825656438,3,2016,"Piaui"
2016-02-24,2.11923594423594,3.23604615057227,4,2016,"Piaui"
2016-03-09,0.341799902947198,0.136129845428561,5,2016,"Piaui"
2016-03-23,0.270075282308657,0.218809904989887,6,2016,"Piaui"
2016-04-06,0.0528338136407301,0.052434945648452,7,2016,"Piaui"
2016-04-20,0.380952380952381,0.339140534262485,8,2016,"Piaui"
2016-05-04,0.931915807560137,0.917564020455763,9,2016,"Piaui"
2016-05-18,0.587280040221217,0.66253013679973,10,2016,"Piaui"
2016-06-01,0,0,11,2016,"Piaui"
2016-06-15,NA,NA,12,2016,"Piaui"
2016-06-29,3.45240825688073,3.99672407202362,13,2016,"Piaui"
2016-07-13,0.226477316721219,0.112461551621166,14,2016,"Piaui"
2016-07-27,1.09977650063857,1.24545047245163,15,2016,"Piaui"
2016-08-10,0.281481846882399,0.267913825907373,16,2016,"Piaui"
2016-08-24,1.03766769865841,1.11115437784572,17,2016,"Piaui"
2016-09-07,0.537291981845688,0.504488093236959,18,2016,"Piaui"
2016-09-21,0,0,19,2016,"Piaui"
2016-10-05,NA,NA,20,2016,"Piaui"
2016-10-19,0.175956284153005,0.171971167673282,21,2016,"Piaui"
2016-11-02,0.789156626506024,0.785578678349763,22,2016,"Piaui"
2016-11-16,0.195987654320988,0.180183829985417,23,2016,"Piaui"
2016-11-30,1.67412935323383,1.57452736318408,24,2016,"Piaui"
2016-12-14,0.625985753547591,0.531817981239062,25,2016,"Piaui"
2016-12-28,0.168318089430894,0.156644851336395,26,2016,"Piaui"
2016-01-27,0.859615265545904,0.0165070329408391,2,2016,"Rio_de_Janeiro"
2016-02-10,0.670559923864434,0.0130449131981403,3,2016,"Rio_de_Janeiro"
2016-02-24,0.646872839274439,0.0201159315482824,4,2016,"Rio_de_Janeiro"
2016-03-09,0.895083746595921,0.050008422866609,5,2016,"Rio_de_Janeiro"
2016-03-23,0.696819575060128,0.043285032990818,6,2016,"Rio_de_Janeiro"
2016-04-06,0.502350382588662,0.0399364746450582,7,2016,"Rio_de_Janeiro"
2016-04-20,0.92384346007927,0.304647437976582,8,2016,"Rio_de_Janeiro"
2016-05-04,0.798032103011463,0.27565414478502,9,2016,"Rio_de_Janeiro"
2016-05-18,0.548880322600202,0.335558127427315,10,2016,"Rio_de_Janeiro"
2016-06-01,2.56327179726853,3.79368730107654,11,2016,"Rio_de_Janeiro"
2016-06-15,3.20253890464734,6.90733296995548,12,2016,"Rio_de_Janeiro"
2016-06-29,1.68201290880901,0.63826697537409,13,2016,"Rio_de_Janeiro"
2016-07-13,1.32980893979664,0.182145641424677,14,2016,"Rio_de_Janeiro"
2016-07-27,0.821135601926533,0.0750336388855611,15,2016,"Rio_de_Janeiro"
2016-08-10,0.903212182921101,0.110025857523554,16,2016,"Rio_de_Janeiro"
2016-08-24,1.46445390626585,0.365853610759349,17,2016,"Rio_de_Janeiro"
2016-09-07,1.05716470982392,0.136368233723962,18,2016,"Rio_de_Janeiro"
2016-09-21,0.865472445499769,0.0977510150138594,19,2016,"Rio_de_Janeiro"
2016-10-05,0.848634674297339,0.103591489755018,20,2016,"Rio_de_Janeiro"
2016-10-19,0.994363209014703,0.156171755557901,21,2016,"Rio_de_Janeiro"
2016-11-02,1.01761107486966,0.236274576752969,22,2016,"Rio_de_Janeiro"
2016-11-16,1.13247187795005,0.316157727890985,23,2016,"Rio_de_Janeiro"
2016-11-30,1.00898975265876,0.229347429016896,24,2016,"Rio_de_Janeiro"
2016-12-14,0.712948381382979,0.142848233689233,25,2016,"Rio_de_Janeiro"
2016-12-28,1.13965353458818,0.537469894073398,26,2016,"Rio_de_Janeiro"
2016-01-27,0.313426633320685,0.00349710860819526,2,2016,"Rio_Grande_do_Norte"
2016-02-10,1.376524526412,0.0933242516383179,3,2016,"Rio_Grande_do_Norte"
2016-02-24,0.560940496006233,0.0188906870586187,4,2016,"Rio_Grande_do_Norte"
2016-03-09,0,0,5,2016,"Rio_Grande_do_Norte"
2016-03-23,NA,NA,6,2016,"Rio_Grande_do_Norte"
2016-04-06,0.327460850728923,0.138100553182451,7,2016,"Rio_Grande_do_Norte"
2016-04-20,1.48984047019311,1.7095416769999,8,2016,"Rio_Grande_do_Norte"
2016-05-04,0,0,9,2016,"Rio_Grande_do_Norte"
2016-05-18,NA,NA,10,2016,"Rio_Grande_do_Norte"
2016-06-01,0.23501872659176,0.243828137363507,11,2016,"Rio_Grande_do_Norte"
2016-06-15,1.49868247694335,1.54563317787955,12,2016,"Rio_Grande_do_Norte"
2016-06-29,0.349398839137645,0.299950862730075,13,2016,"Rio_Grande_do_Norte"
2016-07-13,0.676274509803922,0.645298587988655,14,2016,"Rio_Grande_do_Norte"
2016-07-27,0.126207729468599,0.111286096717723,15,2016,"Rio_Grande_do_Norte"
2016-08-10,1.75850340136054,1.82997856676917,16,2016,"Rio_Grande_do_Norte"
2016-08-24,0,0,17,2016,"Rio_Grande_do_Norte"
2016-09-07,NA,NA,18,2016,"Rio_Grande_do_Norte"
2016-09-21,1.06369426751592,1.11806797819638,19,2016,"Rio_Grande_do_Norte"
2016-10-05,0.53499531835206,0.514496765097601,20,2016,"Rio_Grande_do_Norte"
2016-10-19,1.1802103250478,1.20504982796471,21,2016,"Rio_Grande_do_Norte"
2016-11-02,0.874714160070361,0.869015586762386,22,2016,"Rio_Grande_do_Norte"
2016-11-16,1.01901826484018,1.01422742993571,23,2016,"Rio_Grande_do_Norte"
2016-11-30,0.418472584856397,0.348343502733266,24,2016,"Rio_Grande_do_Norte"
2016-12-14,0.395923520923521,0.380036973651399,25,2016,"Rio_Grande_do_Norte"
2016-12-28,0.0169270833333333,0.0160312635987815,26,2016,"Rio_Grande_do_Norte"
2016-01-27,NA,NA,2,2016,"Rio_Grande_do_Sul"
2016-02-10,NA,NA,3,2016,"Rio_Grande_do_Sul"
2016-02-24,4.45382498101746,8.15638318952854,4,2016,"Rio_Grande_do_Sul"
2016-03-09,0.24525045493722,0.0523023290321372,5,2016,"Rio_Grande_do_Sul"
2016-03-23,0,0,6,2016,"Rio_Grande_do_Sul"
2016-04-06,NA,NA,7,2016,"Rio_Grande_do_Sul"
2016-04-20,2.88032305433186,2.77703490009053,8,2016,"Rio_Grande_do_Sul"
2016-05-04,1.36076223544974,1.64756364233907,9,2016,"Rio_Grande_do_Sul"
2016-05-18,0.667621527777778,0.50849345914323,10,2016,"Rio_Grande_do_Sul"
2016-06-01,1.97152357920193,2.2799330000823,11,2016,"Rio_Grande_do_Sul"
2016-06-15,1.10928719313812,1.10451785772159,12,2016,"Rio_Grande_do_Sul"
2016-06-29,1.17334691912157,1.18775689905439,13,2016,"Rio_Grande_do_Sul"
2016-07-13,1.32811274894151,1.46936007351377,14,2016,"Rio_Grande_do_Sul"
2016-07-27,1.6707535321821,1.98525525079731,15,2016,"Rio_Grande_do_Sul"
2016-08-10,0.567257175754585,0.423853064228998,16,2016,"Rio_Grande_do_Sul"
2016-08-24,1.71309674693705,1.91675014136137,17,2016,"Rio_Grande_do_Sul"
2016-09-07,2.90919948519949,4.28658245990491,18,2016,"Rio_Grande_do_Sul"
2016-09-21,0.643979161564332,0.397220554578263,19,2016,"Rio_Grande_do_Sul"
2016-10-05,0.299682957393484,0.217108604029581,20,2016,"Rio_Grande_do_Sul"
2016-10-19,0.323039215686275,0.285489216970351,21,2016,"Rio_Grande_do_Sul"
2016-11-02,1.61325420375865,1.60494285086273,22,2016,"Rio_Grande_do_Sul"
2016-11-16,0.241728565670525,0.216037677075626,23,2016,"Rio_Grande_do_Sul"
2016-11-30,0.687774122807018,0.645615527835678,24,2016,"Rio_Grande_do_Sul"
2016-12-14,1.12006678809957,1.17327308961069,25,2016,"Rio_Grande_do_Sul"
2016-12-28,0.251736580965268,0.229016477339634,26,2016,"Rio_Grande_do_Sul"
2016-02-10,NA,NA,3,2016,"Rondonia"
2016-02-24,2.22058823529412,2.26547815617475,4,2016,"Rondonia"
2016-03-09,0.232265087853323,0.176736223614746,5,2016,"Rondonia"
2016-03-23,0,0,6,2016,"Rondonia"
2016-04-06,NA,NA,7,2016,"Rondonia"
2016-04-20,0.135307781649245,0.133240066166895,8,2016,"Rondonia"
2016-05-04,0.340277777777778,0.30298174048174,9,2016,"Rondonia"
2016-05-18,0.5060706401766,0.523311123823214,10,2016,"Rondonia"
2016-06-01,0.594308035714286,0.605879162172419,11,2016,"Rondonia"
2016-06-15,0.849933598937583,0.805612104697201,12,2016,"Rondonia"
2016-06-29,0.274349710982659,0.267928905986409,13,2016,"Rondonia"
2016-07-13,0.65358361774744,0.575836619030551,14,2016,"Rondonia"
2016-07-27,0.6105,0.546953100645736,15,2016,"Rondonia"
2016-08-10,1.29797476759628,1.24978686385529,16,2016,"Rondonia"
2016-08-24,1.17984544695071,1.26721596660339,17,2016,"Rondonia"
2016-09-07,0.778008816193956,0.764741331773294,18,2016,"Rondonia"
2016-09-21,0,0,19,2016,"Rondonia"
2016-10-05,NA,NA,20,2016,"Rondonia"
2016-10-19,4.28099945085118,5.48883438632166,21,2016,"Rondonia"
2016-11-02,1.49031657920547,1.904516406767,22,2016,"Rondonia"
2016-11-16,0.397086589438646,0.122728900396958,23,2016,"Rondonia"
2016-11-30,0.0405780780780781,0.0262527282073505,24,2016,"Rondonia"
2016-12-14,0.232876712328767,0.264459665144597,25,2016,"Rondonia"
2016-12-28,0.671253822629969,0.69762351028998,26,2016,"Rondonia"
2016-01-27,NA,NA,2,2016,"Roraima"
2016-02-10,0.160743801652893,0.106459978328137,3,2016,"Roraima"
2016-02-24,3.11454753722795,2.40867269687035,4,2016,"Roraima"
2016-03-09,0.750210939773058,0.669698331109387,5,2016,"Roraima"
2016-03-23,0.422064393939394,0.371850808641018,6,2016,"Roraima"
2016-04-06,0,0,7,2016,"Roraima"
2016-04-20,NA,NA,8,2016,"Roraima"
2016-05-04,0,0,9,2016,"Roraima"
2016-05-18,NA,NA,10,2016,"Roraima"
2016-06-01,NA,NA,11,2016,"Roraima"
2016-06-15,NA,NA,12,2016,"Roraima"
2016-06-29,0,NA,13,2016,"Roraima"
2016-07-13,0.181818181818182,0.163636363636364,14,2016,"Roraima"
2016-07-27,0.192139737991266,0.177832682142036,15,2016,"Roraima"
2016-08-10,0,0,16,2016,"Roraima"
2016-08-24,NA,NA,17,2016,"Roraima"
2016-09-07,0.956810035842294,0.952648278197939,18,2016,"Roraima"
2016-09-21,0,0,19,2016,"Roraima"
2016-10-05,NA,NA,20,2016,"Roraima"
2016-10-19,0.0909090909090909,0.0909090909090909,21,2016,"Roraima"
2016-11-02,0.156,0.136208835341365,22,2016,"Roraima"
2016-11-16,0.0220994475138122,0.021731123388582,23,2016,"Roraima"
2016-11-30,0.285714285714286,0.327731092436975,24,2016,"Roraima"
2016-12-14,0.487847222222222,0.394978121071463,25,2016,"Roraima"
2016-12-28,0,0,26,2016,"Roraima"
2016-02-10,NA,NA,3,2016,"Santa_Catarina"
2016-02-24,NA,NA,4,2016,"Santa_Catarina"
2016-03-09,0,0,5,2016,"Santa_Catarina"
2016-03-23,NA,NA,6,2016,"Santa_Catarina"
2016-04-06,NA,NA,7,2016,"Santa_Catarina"
2016-04-20,0.218503937007874,0.219853879431079,8,2016,"Santa_Catarina"
2016-05-04,0,0,9,2016,"Santa_Catarina"
2016-05-18,NA,NA,10,2016,"Santa_Catarina"
2016-06-01,0.457792207792208,0.428981087603647,11,2016,"Santa_Catarina"
2016-06-15,0,0,12,2016,"Santa_Catarina"
2016-06-29,NA,NA,13,2016,"Santa_Catarina"
2016-07-13,0.619327073552426,0.560171990548958,14,2016,"Santa_Catarina"
2016-07-27,0.169753086419753,0.157344697465428,15,2016,"Santa_Catarina"
2016-08-10,0.442857142857143,0.499589490968801,16,2016,"Santa_Catarina"
2016-08-24,0.818069306930693,0.613979279441592,17,2016,"Santa_Catarina"
2016-09-07,0.366157945736434,0.296905369162069,18,2016,"Santa_Catarina"
2016-09-21,0,0,19,2016,"Santa_Catarina"
2016-10-05,NA,NA,20,2016,"Santa_Catarina"
2016-10-19,NA,NA,21,2016,"Santa_Catarina"
2016-11-02,NA,NA,22,2016,"Santa_Catarina"
2016-11-16,1.03653381642512,0.867209944004606,23,2016,"Santa_Catarina"
2016-11-30,0.035041611914148,0.0293991247281585,24,2016,"Santa_Catarina"
2016-12-14,0,0,25,2016,"Santa_Catarina"
2016-12-28,NA,NA,26,2016,"Santa_Catarina"
2016-01-27,8.45915486697055,32.5744082025208,2,2016,"Sao_Paulo"
2016-02-10,0.982348581370113,0.0788197285100743,3,2016,"Sao_Paulo"
2016-02-24,0.18025700420486,0.00888799372676726,4,2016,"Sao_Paulo"
2016-03-09,2.76606463711727,3.9760276010452,5,2016,"Sao_Paulo"
2016-03-23,2.71114001719867,2.50387213433079,6,2016,"Sao_Paulo"
2016-04-06,0.906967967496608,0.0849185421571374,7,2016,"Sao_Paulo"
2016-04-20,0.020479949684292,0.00112811022775956,8,2016,"Sao_Paulo"
2016-05-04,8.29166666666667,11.8101706722396,9,2016,"Sao_Paulo"
2016-05-18,1.98818031175051,1.06933646104333,10,2016,"Sao_Paulo"
2016-06-01,1.75362711103715,0.393052970698636,11,2016,"Sao_Paulo"
2016-06-15,0.500999875797972,0.0348719288764415,12,2016,"Sao_Paulo"
2016-06-29,5.89304707548643,4.88864710256402,13,2016,"Sao_Paulo"
2016-07-13,0.74810656915723,0.0188906949444486,14,2016,"Sao_Paulo"
2016-07-27,0.302555753214451,0.00876619331889169,15,2016,"Sao_Paulo"
2016-08-10,0.0450630751517668,0.00447980354098586,16,2016,"Sao_Paulo"
2016-08-24,1.04311008468052,1.02723315477718,17,2016,"Sao_Paulo"
2016-09-07,12.5249206349206,34.2794538454271,18,2016,"Sao_Paulo"
2016-09-21,0.743078341789424,0.130129987498228,19,2016,"Sao_Paulo"
2016-10-05,0.573438069834362,0.108069618554754,20,2016,"Sao_Paulo"
2016-10-19,3.41459973959974,6.34705390989215,21,2016,"Sao_Paulo"
2016-11-02,1.26891854204273,0.215107844351766,22,2016,"Sao_Paulo"
2016-11-16,0.964958150859793,0.109503347226072,23,2016,"Sao_Paulo"
2016-11-30,1.09629496991313,0.142921956755032,24,2016,"Sao_Paulo"
2016-12-14,0.569328186452313,0.0515053609327966,25,2016,"Sao_Paulo"
2016-12-28,2.79106672519087,1.56321480372798,26,2016,"Sao_Paulo"
2016-01-27,0.169329529007428,0.00155214602353689,2,2016,"Sergipe"
2016-02-10,0.104839981247569,0.00537449881327778,3,2016,"Sergipe"
2016-02-24,0.894682800180612,0.831519661970842,4,2016,"Sergipe"
2016-03-09,1.77025392986699,2.12606190746201,5,2016,"Sergipe"
2016-03-23,0.00133689839572193,0.000422015214495376,6,2016,"Sergipe"
2016-04-06,0.6,0.3,7,2016,"Sergipe"
2016-04-20,1.02568922305764,1.18434805567378,8,2016,"Sergipe"
2016-05-04,0.671352813852814,0.732989621564817,9,2016,"Sergipe"
2016-05-18,1.05326738609113,1.08992574138887,10,2016,"Sergipe"
2016-06-01,0,0,11,2016,"Sergipe"
2016-06-15,NA,NA,12,2016,"Sergipe"
2016-06-29,NA,NA,13,2016,"Sergipe"
2016-07-13,0.90794092323995,0.928581915466161,14,2016,"Sergipe"
2016-07-27,0.212129260734838,0.189071804782446,15,2016,"Sergipe"
2016-08-10,0.728246318607764,0.724015236573534,16,2016,"Sergipe"
2016-08-24,0.0404241219350563,0.0354365616834628,17,2016,"Sergipe"
2016-09-07,0,0,18,2016,"Sergipe"
2016-09-21,NA,NA,19,2016,"Sergipe"
2016-10-05,0.244873366013072,0.198031285920981,20,2016,"Sergipe"
2016-10-19,0.411585365853659,0.447306755177644,21,2016,"Sergipe"
2016-11-02,0.0711610486891386,0.064248914209351,22,2016,"Sergipe"
2016-11-16,0,0,23,2016,"Sergipe"
2016-11-30,0,0,24,2016,"Sergipe"
2016-12-14,NA,NA,25,2016,"Sergipe"
2016-12-28,0.781001137656428,0.764755767502507,26,2016,"Sergipe"
2016-01-27,0.23294874907044,0.0139054463152475,2,2016,"Tocantins"
2016-02-10,0,0,3,2016,"Tocantins"
2016-02-24,NA,NA,4,2016,"Tocantins"
2016-03-09,3.05132713691537,5.10977911508045,5,2016,"Tocantins"
2016-03-23,0.692545244223601,0.388968846231093,6,2016,"Tocantins"
2016-04-06,0.235901219992129,0.172606546259312,7,2016,"Tocantins"
2016-04-20,1.90378955114054,2.18321631057888,8,2016,"Tocantins"
2016-05-04,0.857868429538858,0.818686480521224,9,2016,"Tocantins"
2016-05-18,0,0,10,2016,"Tocantins"
2016-06-01,NA,NA,11,2016,"Tocantins"
2016-06-15,NA,NA,12,2016,"Tocantins"
2016-06-29,1.1623964885175,0.468475128078683,13,2016,"Tocantins"
2016-07-13,0.395611602647439,0.0901282179179821,14,2016,"Tocantins"
2016-07-27,1.55358667523777,1.77027383571078,15,2016,"Tocantins"
2016-08-10,2.02129810126768,2.6438884694273,16,2016,"Tocantins"
2016-08-24,1.08344673622451,0.807138911088388,17,2016,"Tocantins"
2016-09-07,0.420509629956866,0.227798581719044,18,2016,"Tocantins"
2016-09-21,0.680746584348025,0.640803856079323,19,2016,"Tocantins"
2016-10-05,4.62645145145145,7.39496301125687,20,2016,"Tocantins"
2016-10-19,1.07970967708762,0.746440574872261,21,2016,"Tocantins"
2016-11-02,0.679182436770376,0.451483093032232,22,2016,"Tocantins"
2016-11-16,1.22868642012478,1.18674378884118,23,2016,"Tocantins"
2016-11-30,0.182033502336216,0.133750947660532,24,2016,"Tocantins"
2016-12-14,0.00309597523219814,0.00309597523219814,25,2016,"Tocantins"
2016-12-28,0,0,26,2016,"Tocantins"
